,,cam1,cam1,cam2,cam2
,,x,y,x,y
sheet,sample,,,,
data_2_CL,2_CL-012-165-020,R,L,T,L
data_2_CL,2_CL-012-165-118,R,L,T,L
data_2_CL,2_CL-012-165-216,T,L,R,L
data_2_CL,2_CL-012-165-314,R,L,T,L
data_2_CL,2_CL-012-165-413,R,L,T,L
data_2_CL,2_CL-012-165-511,R,L,T,L
data_2_CL,2_CL-012-165-609,R,L,T,L
data_2_CL,2_CL-012-165-708_K,R,L,T,L
data_2_CL,2_CL-012-165-806,R,L,T,L
data_2_CL,2_CL-012-165-904,R,L,T,L
data_2_CL,2_CL-013-101-020,R,L,T,L
data_2_CL,2_CL-013-101-118,R,L,T,L
data_2_CL,2_CL-013-101-217,R,L,T,L
data_2_CL,2_CL-013-101-315,R,L,T,L
data_2_CL,2_CL-013-101-413,R,L,T,L
data_2_CL,2_CL-013-101-512,R,L,T,L
data_2_CL,2_CL-013-101-610,R,L,T,L
data_2_CL,2_CL-013-101-708,R,L,T,L
data_2_CL,2_CL-013-101-807,R,L,T,L
data_2_CL,2_CL-013-101-905,R,L,T,L
data_2_CL,2_CL-013-133-020,R,L,T,L
data_2_CL,2_CL-013-133-118,R,L,T,L
data_2_CL,2_CL-013-133-216,R,L,T,L
data_2_CL,2_CL-013-133-315,R,L,T,L
data_2_CL,2_CL-013-133-413,R,L,T,L
data_2_CL,2_CL-013-133-511,R,L,T,L
data_2_CL,2_CL-013-133-610,R,L,T,L
data_2_CL,2_CL-013-133-708,R,L,T,L
data_2_CL,2_CL-013-133-806,R,L,T,L
data_2_CL,2_CL-013-133-905,R,L,T,L
data_2_CR,2_CR-168-154-011,T,R,L,R
data_2_CR,2_CR-168-154-043,T,R,L,R
data_2_CR,2_CR-168-154-043_2,T,R,L,R
data_2_CR,2_CR-168-154-074,T,R,L,R
data_2_CR,2_CR-168-154-105,T,R,L,R
data_2_CR,2_CR-168-154-137,T,R,L,R
data_2_CR,2_CR-168-154-168,T,R,L,R
data_2_CR,2_CR-168-154-199,T,R,L,R
data_2_CR,2_CR-168-154-231,T,R,L,R
data_2_CR,2_CR-168-154-262,T,R,L,R
data_2_CR,2_CR-168-154-293,T,R,L,R
data_2_CR,2_CR-168-154-325,T,R,L,R
data_2_CR,2_CR-168-154-356,T,R,L,R
data_2_CR,2_CR-168-154-387,T,R,L,R
data_2_CR,2_CR-168-154-419,T,R,L,R
data_2_CR,2_CR-168-154-450,T,R,L,R
data_2_CR,2_CR-168-154-481,T,R,L,R
data_2_CR,2_CR-168-154-513,T,R,L,R
data_2_CR,2_CR-168-154-544,T,R,L,R
data_2_CR,2_CR-168-154-575,T,R,L,R
data_2_CR,2_CR-168-154-575_K_2,T,R,L,R
data_2_CR,2_CR-168-154-607,T,R,L,R
data_2_CR,2_CR-168-154-607_K_2,T,R,L,R
data_2_CR,2_CR-168-154-638_K,T,R,L,R
data_2_CR,2_CR-168-154-669,T,R,L,R
data_2_CR,2_CR-168-154-701,T,R,L,R
data_2_CR,2_CR-168-154-732,T,R,L,R
data_2_CR,2_CR-168-154-763,T,R,L,R
data_2_CR,2_CR-168-154-795,T,R,L,R
data_2_CR,2_CR-168-154-857,T,R,L,R
data_2_CR,2_CR-168-154-889,T,R,L,R
data_2_CR,2_CR-168-154-920,T,R,L,R
data_2_CR,2_CR-168-154-951,T,R,L,R
data_2_CR,2_CR-168-154-983,T,R,L,R
data_2_CT,2_CT-226-174-055,R,T,L,T
data_2_CT,2_CT-226-174-055-2,R,T,L,T
data_2_CT,2_CT-226-174-087,R,T,L,T
data_2_CT,2_CT-226-174-118,R,T,L,T
data_2_CT,2_CT-226-174-149,R,T,L,T
data_2_CT,2_CT-226-174-181,R,T,L,T
data_2_CT,2_CT-226-174-212,R,T,L,T
data_2_CT,2_CT-226-174-243,R,T,L,T
data_2_CT,2_CT-226-174-275,R,T,L,T
data_2_CT,2_CT-226-174-306,R,T,L,T
data_2_CT,2_CT-226-174-337,R,T,L,T
data_2_CT,2_CT-226-174-369,R,T,L,T
data_2_CT,2_CT-226-174-400,R,T,L,T
data_2_CT,2_CT-226-174-431,R,T,L,T
data_2_CT,2_CT-226-174-463,R,T,L,T
data_2_CT,2_CT-226-174-494,R,T,L,T
data_2_CT,2_CT-226-174-525,R,T,L,T
data_2_CT,2_CT-226-174-557,R,T,L,T
data_2_CT,2_CT-226-174-588,R,T,L,T
data_2_CT,2_CT-226-174-619,R,T,L,T
data_2_CT,2_CT-226-174-651,R,T,L,T
data_2_CT,2_CT-226-174-682,R,T,L,T
data_2_CT,2_CT-226-174-713,R,T,L,T
data_2_CT,2_CT-226-174-745,R,T,L,T
data_2_CT,2_CT-226-174-776,R,T,L,T
data_2_CT,2_CT-226-174-807,R,T,L,T
data_2_CT,2_CT-226-174-839,R,T,L,T
data_2_CT,2_CT-226-174-870,R,T,L,T
data_2_CT,2_CT-226-174-901,R,T,L,T
data_2_CT,2_CT-226-174-933,R,T,L,T
data_2_CT,2_TT-266-172-069_K,R,T,L,T
data_2_CT,2_TT-266-172-100_K,R,T,L,T
data_2_CT,2_TT-266-172-131_K,R,T,L,T
data_2_TL,2_TL-036-090-031,T,L,R,L
data_2_TL,2_TL-038-114-031,T,L,R,L
data_2_TL,2_TL-038-114-504,T,L,R,L
data_2_TL,2_TL-040-148-032,T,L,R,L
data_2_TL,2_TL-041-170-030,T,L,R,L
data_2_TL,2_TL-041-170-504,T,L,R,L
data_2_TL,2_TL-047-146-032,T,L,R,L
data_2_TL,2_TL-047-169-032,T,L,R,L
data_2_TL,2_TL-047-169-504,T,L,R,L
data_2_TL,2_TL-048-088-031,T,L,R,L
data_2_TL,2_TL-048-088-504,T,L,R,L
data_2_TL,2_TL-048-112-031,T,L,R,L
data_2_TL,2_TL-061-167-030,T,L,R,L
data_2_TL,2_TL-061-167-503,T,L,R,L
data_2_TL,2_TL-067-167-031,T,L,R,L
data_2_TL,2_TL-067-167-504,T,L,R,L
data_2_TL,2_TL-068-143-031_K,T,L,R,L
data_2_TL,2_TL-068-143-504_K,T,L,R,L
data_2_TL,2_TL-071-076-031,T,L,R,L
data_2_TL,2_TL-071-076-505,T,L,R,L
data_2_TL,2_TL-071-100-031,T,L,R,L
data_2_TL,2_TL-071-100-504,T,L,R,L
data_2_TL,2_TL-080-143-031,T,L,R,L
data_2_TL,2_TL-080-143-504,T,L,R,L
data_2_TL,2_TL-080-167-031,T,L,R,L
data_2_TL,2_TL-080-167-504,T,L,R,L
data_2_TL,2_TL-085-079-031,T,L,R,L
data_2_TL,2_TL-085-079-504,T,L,R,L
data_2_TL,2_TL-086-168-031,T,L,R,L
data_2_TL,2_TL-086-168-504,T,L,R,L
data_2_TL,2_TL-219-137-504_K,T,L,R,L
data_2_TL,2_TL-226-136-030,T,L,R,L
data_2_TL,2_TL-227-112-504,T,L,R,L
data_2_TR,2_TR-195-150-013,T,R,L,R
data_2_TR,2_TR-195-150-044,L,R,T,R
data_2_TR,2_TR-195-150-075,L,R,T,R
data_2_TR,2_TR-195-150-107,T,R,L,R
data_2_TR,2_TR-195-150-138,L,R,T,R
data_2_TR,2_TR-195-150-169,L,R,T,R
data_2_TR,2_TR-195-150-201,L,R,T,R
data_2_TR,2_TR-195-150-232,L,R,T,R
data_2_TR,2_TR-195-150-263,L,R,T,R
data_2_TR,2_TR-195-150-295,L,R,T,R
data_2_TR,2_TR-195-150-326,L,R,T,R
data_2_TR,2_TR-195-150-357,L,R,T,R
data_2_TR,2_TR-195-150-389,T,R,L,R
data_2_TR,2_TR-195-150-420,L,R,T,R
data_2_TR,2_TR-195-150-451,L,R,T,R
data_2_TR,2_TR-195-150-483,L,R,T,R
data_2_TR,2_TR-195-150-514,L,R,T,R
data_2_TR,2_TR-195-150-545,L,R,T,R
data_2_TR,2_TR-195-150-576,L,R,T,R
data_2_TR,2_TR-195-150-608,L,R,T,R
data_2_TR,2_TR-195-150-639,L,R,T,R
data_2_TR,2_TR-195-150-670,L,R,T,R
data_2_TR,2_TR-195-150-702,L,R,T,R
data_2_TR,2_TR-195-150-733,L,R,T,R
data_2_TR,2_TR-195-150-764,L,R,T,R
data_2_TR,2_TR-195-150-796,L,R,T,R
data_2_TR,2_TR-195-150-827,L,R,T,R
data_2_TR,2_TR-195-150-858,L,R,T,R
data_2_TR,2_TR-195-150-890,L,R,T,R
data_2_TR,2_TR-195-150-921,L,R,T,R
data_2_TR,2_TR-195-150-952,L,R,T,R
data_2_TR,2_TR-195-150-984,L,R,T,R
data_2_TT,2_TT-266-172-162,L,T,R,T
data_2_TT,2_TT-266-172-194,L,T,R,T
data_2_TT,2_TT-266-172-225,L,T,R,T
data_2_TT,2_TT-266-172-256,L,T,R,T
data_2_TT,2_TT-266-172-288,L,T,R,T
data_2_TT,2_TT-266-172-382,L,T,R,T
data_2_TT,2_TT-266-172-413,L,T,R,T
data_2_TT,2_TT-266-172-444,L,T,R,T
data_2_TT,2_TT-266-172-475,L,T,R,T
data_2_TT,2_TT-266-172-507,L,T,R,T
data_2_TT,2_TT-266-172-538,L,T,R,T
data_2_TT,2_TT-266-172-569,L,T,R,T
data_2_TT,2_TT-266-172-601,L,T,R,T
data_2_TT,2_TT-266-172-632,L,T,R,T
data_2_TT,2_TT-266-172-663,L,T,R,T
data_2_TT,2_TT-266-172-695,L,T,R,T
data_2_TT,2_TT-266-172-726,L,T,R,T
data_2_TT,2_TT-266-172-757,L,T,R,T
data_2_TT,2_TT-266-172-788,L,T,R,T
data_2_TT,2_TT-266-172-820,L,T,R,T
data_2_TT,2_TT-266-172-851,L,T,R,T
data_2_TT,2_TT-266-172-882,L,T,R,T
data_2_TT,2_TT-266-172-914,L,T,R,T
data_2_TT,2_TT-266-172-945,L,T,R,T
data_2_sLR,2_sLR-339-107-337,L,R,L,R
data_2_sLR,2_sLR-339-107-470,L,R,L,R
data_2_sLR,2_sLR-339-107-603,L,R,L,R
data_2_sLR,2_sLR-339-107-737,L,R,L,R
data_2_sLR,2_sLR-339-161-063,L,R,L,R
data_2_sLR,2_sLR-339-161-197_K,L,R,L,R
data_2_sLR,2_sLR-339-161-330_K,L,R,L,R
data_2_sLR,2_sLR-339-161-463_K,L,R,L,R
data_2_sLR,2_sLR-339-161-596,L,R,L,R
data_2_sLR,2_sLR-339-161-730,L,R,L,R
data_2_sLR,2_sLR-339-161-863,L,R,L,R
data_2_sLR,2_sLR-343-162-194,L,R,L,R
data_2_sLR,2_sLR-343-162-328,L,R,L,R
data_2_sLR,2_sLR-343-162-461,L,R,L,R
data_2_sLR,2_sLR-343-162-594,L,R,L,R
data_2_sLR,2_sLR-343-162-728,L,R,L,R
data_2_sLR,2_sLR-343-162-861,L,R,L,R
data_2_sLR,2_sLR-345-108-064,L,R,L,R
data_2_sLR,2_sLR-345-108-198,L,R,L,R
data_2_sLR,2_sLR-345-108-331,L,R,L,R
data_2_sLR,2_sLR-345-108-464,L,R,L,R
data_2_sLR,2_sLR-345-108-598,L,R,L,R
data_2_sLR,2_sLR-345-108-731,L,R,L,R
data_2_sLR,2_sLR-348-163-033,L,R,L,R
data_2_sLR,2_sLR-348-163-166,L,R,L,R
data_2_sLR,2_sLR-348-163-299,L,R,L,R
data_2_sLR,2_sLR-348-163-432,L,R,L,R
data_2_sLR,2_sLR-348-163-566,L,R,L,R
data_2_sLR,2_sLR-348-163-699,L,R,L,R
data_2_sLR,2_sLR-348-163-832,L,R,L,R
data_2_sLT,2_sLT-110-185-031,L,T,L,T
data_2_sLT,2_sLT-110-185-164,L,T,L,T
data_2_sLT,2_sLT-110-185-297,L,T,L,T
data_2_sLT,2_sLT-110-185-431,L,T,L,T
data_2_sLT,2_sLT-110-185-564,L,T,L,T
data_2_sLT,2_sLT-110-185-697,L,T,L,T
data_2_sLT,2_sLT-110-185-831,L,T,L,T
data_2_sLT,2_sLT-111-161-026,L,T,L,T
data_2_sLT,2_sLT-111-161-159,L,T,L,T
data_2_sLT,2_sLT-111-161-293,L,T,L,T
data_2_sLT,2_sLT-111-161-426,L,T,L,T
data_2_sLT,2_sLT-111-161-633,L,T,L,T
data_2_sLT,2_sLT-111-161-766,L,T,L,T
data_2_sLT,2_sLT-111-173-031,L,T,L,T
data_2_sLT,2_sLT-111-173-164_K,L,T,L,T
data_2_sLT,2_sLT-111-173-297_K,L,T,L,T
data_2_sLT,2_sLT-111-173-431_K,L,T,L,T
data_2_sLT,2_sLT-111-173-564,L,T,L,T
data_2_sLT,2_sLT-111-173-697,L,T,L,T
data_2_sLT,2_sLT-111-173-831,L,T,L,T
data_2_sLT,2_sLT-112-149-026,L,T,L,T
data_2_sLT,2_sLT-112-149-160,L,T,L,T
data_2_sLT,2_sLT-112-149-293,L,T,L,T
data_2_sLT,2_sLT-112-149-426,L,T,L,T
data_2_sLT,2_sLT-112-149-633,L,T,L,T
data_2_sLT,2_sLT-112-149-766,L,T,L,T
data_2_sRL,2_sRL-108-101-024,R,L,R,L
data_2_sRL,2_sRL-108-101-077,R,L,R,L
data_2_sRL,2_sRL-108-101-130,R,L,R,L
data_2_sRL,2_sRL-108-101-184,R,L,R,L
data_2_sRL,2_sRL-108-101-237,R,L,R,L
data_2_sRL,2_sRL-108-101-290,R,L,R,L
data_2_sRL,2_sRL-108-101-343,R,L,R,L
data_2_sRL,2_sRL-108-101-397,R,L,R,L
data_2_sRL,2_sRL-108-101-450,R,L,R,L
data_2_sRL,2_sRL-108-101-503,R,L,R,L
data_2_sRL,2_sRL-108-101-557,R,L,R,L
data_2_sRL,2_sRL-108-101-633,R,L,R,L
data_2_sRL,2_sRL-108-101-686_K,R,L,R,L
data_2_sRL,2_sRL-108-101-739_K,R,L,R,L
data_2_sRL,2_sRL-108-101-793_K,R,L,R,L
data_2_sRL,2_sRL-108-101-846,R,L,R,L
data_2_sRL,2_sRL-108-101-899,R,L,R,L
data_2_sRL,2_sRL-108-101-953,R,L,R,L
data_2_sRL,2_sRL-115-102-048,R,L,R,L
data_2_sRL,2_sRL-115-102-102,R,L,R,L
data_2_sRL,2_sRL-115-102-155,R,L,R,L
data_2_sRL,2_sRL-115-102-208,R,L,R,L
data_2_sRL,2_sRL-115-102-262,R,L,R,L
data_2_sRL,2_sRL-115-102-315,R,L,R,L
data_2_sRL,2_sRL-115-102-368,R,L,R,L
data_2_sRL,2_sRL-115-102-422,R,L,R,L
data_2_sRL,2_sRL-115-102-475,R,L,R,L
data_2_sRL,2_sRL-115-102-528,R,L,R,L
data_2_sRL,2_sRL-115-102-581,R,L,R,L
data_2_sRL,2_sRL-115-102-635,R,L,R,L
data_2_sRL,2_sRL-115-102-688,R,L,R,L
data_2_sRL,2_sRL-115-102-741,R,L,R,L
data_2_sRL,2_sRL-115-102-795,R,L,R,L
data_2_sRL,2_sRL-115-102-848,R,L,R,L
data_2_sRL,2_sRL-115-102-901,R,L,R,L
data_2_sRL,2_sRL-115-102-955,R,L,R,L
data_2_sRT,2_sRT-267-122-518,T,R,T,R
data_2_sRT,2_sRT-267-122-529,T,R,T,R
data_2_sRT,2_sRT-267-122-541,T,R,T,R
data_2_sRT,2_sRT-267-122-552,T,R,T,R
data_2_sRT,2_sRT-267-122-564,T,R,T,R
data_2_sRT,2_sRT-267-122-575,T,R,T,R
data_2_sRT,2_sRT-267-122-586,T,R,T,R
data_2_sRT,2_sRT-267-122-620,T,R,T,R
data_2_sRT,2_sRT-267-122-631,T,R,T,R
data_2_sRT,2_sRT-267-122-642,T,R,T,R
data_2_sRT,2_sRT-267-122-654,T,R,T,R
data_2_sRT,2_sRT-267-122-665,T,R,T,R
data_2_sRT,2_sRT-267-122-676,T,R,T,R
data_2_sRT,2_sRT-267-122-688,T,R,T,R
data_2_sRT,2_sRT-267-122-699,T,R,T,R
data_2_sRT,2_sRT-267-122-710,T,R,T,R
data_2_sRT,2_sRT-267-122-721,T,R,T,R
data_2_sRT,2_sRT-267-122-733,T,R,T,R
data_2_sRT,2_sRT-267-122-744,T,R,T,R
data_2_sRT,2_sRT-267-122-755,T,R,T,R
data_2_sRT,2_sRT-267-122-767,T,R,T,R
data_2_sRT,2_sRT-267-122-778,T,R,T,R
data_2_sRT,2_sRT-267-122-789,T,R,T,R
data_2_sRT,2_sRT-267-122-801,T,R,T,R
data_2_sRT,2_sRT-267-122-812,T,R,T,R
data_2_sRT,2_sRT-267-122-823,T,R,T,R
data_2_sRT,2_sRT-267-122-834,T,R,T,R
data_2_sRT,2_sRT-267-122-846,T,R,T,R
data_2_sRT,2_sRT-267-122-857,T,R,T,R
data_2_sRT,2_sRT-267-122-868,T,R,T,R
data_2_sRT,2_sRT-267-122-880,T,R,T,R
data_2_sRT,2_sRT-267-122-891,T,R,T,R
data_2_sRT,2_sRT-267-122-902_K,T,R,T,R
data_2_sRT,2_sRT-267-122-914_K,T,R,T,R
data_2_sRT,2_sRT-267-122-925_K,T,R,T,R
data_2_sRT,2_sRT-267-122-936,T,R,T,R
data_2_sRT,2_sRT-267-122-947,T,R,T,R
data_2_sRT,2_sRT-267-122-959,T,R,T,R
data_2_sRT,2_sRT-267-122-970,T,R,T,R
data_2_sTL,2_sTL-142-186-025,T,L,T,L
data_2_sTL,2_sTL-142-186-102,T,L,T,L
data_2_sTL,2_sTL-142-186-155,T,L,T,L
data_2_sTL,2_sTL-142-186-208,T,L,T,L
data_2_sTL,2_sTL-142-186-262,T,L,T,L
data_2_sTL,2_sTL-142-186-315,T,L,T,L
data_2_sTL,2_sTL-142-186-368,T,L,T,L
data_2_sTL,2_sTL-142-186-421,T,L,T,L
data_2_sTL,2_sTL-142-186-475,T,L,T,L
data_2_sTL,2_sTL-142-186-528,T,L,T,L
data_2_sTL,2_sTL-142-186-581,T,L,T,L
data_2_sTL,2_sTL-142-186-635,T,L,T,L
data_2_sTL,2_sTL-142-186-688,T,L,T,L
data_2_sTL,2_sTL-142-186-741,T,L,T,L
data_2_sTL,2_sTL-142-186-795,T,L,T,L
data_2_sTL,2_sTL-142-186-848,T,L,T,L
data_2_sTL,2_sTL-142-186-901,T,L,T,L
data_2_sTL,2_sTL-142-186-954,T,L,T,L
data_2_sTL,2_sTL-142-198-049,T,L,T,L
data_2_sTL,2_sTL-142-198-103,T,L,T,L
data_2_sTL,2_sTL-142-198-156,T,L,T,L
data_2_sTL,2_sTL-142-198-209,T,L,T,L
data_2_sTL,2_sTL-142-198-263,T,L,T,L
data_2_sTL,2_sTL-142-198-316,T,L,T,L
data_2_sTL,2_sTL-142-198-369,T,L,T,L
data_2_sTL,2_sTL-142-198-422,T,L,T,L
data_2_sTL,2_sTL-142-198-476,T,L,T,L
data_2_sTL,2_sTL-142-198-529,T,L,T,L
data_2_sTL,2_sTL-142-198-582,T,L,T,L
data_2_sTL,2_sTL-142-198-636,T,L,T,L
data_2_sTL,2_sTL-142-198-689_K,T,L,T,L
data_2_sTL,2_sTL-142-198-742_K,T,L,T,L
data_2_sTL,2_sTL-142-198-796_K,T,L,T,L
data_2_sTL,2_sTL-142-198-849,T,L,T,L
data_2_sTL,2_sTL-142-198-902,T,L,T,L
data_2_sTL,2_sTL-142-198-955,T,L,T,L
data_2_sTR,2_sTR-267-122-032,R,T,R,T
data_2_sTR,2_sTR-267-122-043,R,T,R,T
data_2_sTR,2_sTR-267-122-054,R,T,R,T
data_2_sTR,2_sTR-267-122-066,R,T,R,T
data_2_sTR,2_sTR-267-122-100,R,T,R,T
data_2_sTR,2_sTR-267-122-111,R,T,R,T
data_2_sTR,2_sTR-267-122-122,R,T,R,T
data_2_sTR,2_sTR-267-122-134,R,T,R,T
data_2_sTR,2_sTR-267-122-145,R,T,R,T
data_2_sTR,2_sTR-267-122-156,R,T,R,T
data_2_sTR,2_sTR-267-122-167,R,T,R,T
data_2_sTR,2_sTR-267-122-179,R,T,R,T
data_2_sTR,2_sTR-267-122-190,R,T,R,T
data_2_sTR,2_sTR-267-122-201,R,T,R,T
data_2_sTR,2_sTR-267-122-213,R,T,R,T
data_2_sTR,2_sTR-267-122-224,R,T,R,T
data_2_sTR,2_sTR-267-122-235,R,T,R,T
data_2_sTR,2_sTR-267-122-247,R,T,R,T
data_2_sTR,2_sTR-267-122-258,R,T,R,T
data_2_sTR,2_sTR-267-122-269,R,T,R,T
data_2_sTR,2_sTR-267-122-280,R,T,R,T
data_2_sTR,2_sTR-267-122-292,R,T,R,T
data_2_sTR,2_sTR-267-122-303,R,T,R,T
data_2_sTR,2_sTR-267-122-314,R,T,R,T
data_2_sTR,2_sTR-267-122-326,R,T,R,T
data_2_sTR,2_sTR-267-122-337,R,T,R,T
data_2_sTR,2_sTR-267-122-348,R,T,R,T
data_2_sTR,2_sTR-267-122-360,R,T,R,T
data_2_sTR,2_sTR-267-122-371,R,T,R,T
data_2_sTR,2_sTR-267-122-382,R,T,R,T
data_2_sTR,2_sTR-267-122-393_K,R,T,R,T
data_2_sTR,2_sTR-267-122-405_K,R,T,R,T
data_2_sTR,2_sTR-267-122-416_K,R,T,R,T
data_2_sTR,2_sTR-267-122-427,R,T,R,T
data_2_sTR,2_sTR-267-122-439,R,T,R,T
data_2_sTR,2_sTR-267-122-450,R,T,R,T
data_3_CL,3_CL-012-119-025,T,L,R,L
data_3_CL,3_CL-012-119-123,T,L,R,L
data_3_CL,3_CL-012-119-222,T,L,R,L
data_3_CL,3_CL-012-119-320,T,L,R,L
data_3_CL,3_CL-012-119-418,T,L,R,L
data_3_CL,3_CL-012-119-517,T,L,R,L
data_3_CL,3_CL-012-119-615,T,L,R,L
data_3_CL,3_CL-012-119-713,T,L,R,L
data_3_CL,3_CL-012-119-812,T,L,R,L
data_3_CL,3_CL-012-119-910,T,L,R,L
data_3_CL,3_CL-012-150-027,T,L,R,L
data_3_CL,3_CL-012-150-125,T,L,R,L
data_3_CL,3_CL-012-150-224,T,L,R,L
data_3_CL,3_CL-012-150-322,T,L,R,L
data_3_CL,3_CL-012-150-420,T,L,R,L
data_3_CL,3_CL-012-150-519,T,L,R,L
data_3_CL,3_CL-012-150-617,T,L,R,L
data_3_CL,3_CL-012-150-715,T,L,R,L
data_3_CL,3_CL-012-150-814,T,L,R,L
data_3_CL,3_CL-012-150-912,T,L,R,L
data_3_CL,3_CL-012-182-028,T,L,R,L
data_3_CL,3_CL-012-182-126,T,L,R,L
data_3_CL,3_CL-012-182-225,T,L,R,L
data_3_CL,3_CL-012-182-323,T,L,R,L
data_3_CL,3_CL-012-182-421,T,L,R,L
data_3_CL,3_CL-012-182-520,T,L,R,L
data_3_CL,3_CL-012-182-618,T,L,R,L
data_3_CL,3_CL-012-182-716,T,L,R,L
data_3_CL,3_CL-012-182-815,T,L,R,L
data_3_CL,3_CL-012-182-913,T,L,R,L
data_3_CR,3_CR-161-132-008,L,R,T,R
data_3_CR,3_CR-161-132-039,L,R,T,R
data_3_CR,3_CR-161-132-071,L,R,T,R
data_3_CR,3_CR-161-132-102,L,R,T,R
data_3_CR,3_CR-161-132-133,L,R,T,R
data_3_CR,3_CR-161-132-165,L,R,T,R
data_3_CR,3_CR-161-132-196,L,R,T,R
data_3_CR,3_CR-161-132-227,L,R,T,R
data_3_CR,3_CR-161-132-259,L,R,T,R
data_3_CR,3_CR-161-132-290,L,R,T,R
data_3_CR,3_CR-161-132-321,L,R,T,R
data_3_CR,3_CR-161-132-353,L,R,T,R
data_3_CR,3_CR-161-132-415,L,R,T,R
data_3_CR,3_CR-161-132-447,L,R,T,R
data_3_CR,3_CR-161-132-478,L,R,T,R
data_3_CR,3_CR-161-132-509,L,R,T,R
data_3_CR,3_CR-161-132-541,L,R,T,R
data_3_CR,3_CR-161-132-572,L,R,T,R
data_3_CR,3_CR-161-132-603_K,L,R,T,R
data_3_CR,3_CR-161-132-635_K,L,R,T,R
data_3_CR,3_CR-161-132-666_K,L,R,T,R
data_3_CR,3_CR-161-132-697,L,R,T,R
data_3_CR,3_CR-161-132-728,L,R,T,R
data_3_CR,3_CR-161-132-760,L,R,T,R
data_3_CR,3_CR-161-132-791,L,R,T,R
data_3_CR,3_CR-161-132-822,L,R,T,R
data_3_CR,3_CR-161-132-854,L,R,T,R
data_3_CR,3_CR-161-132-885,L,R,T,R
data_3_CR,3_CR-161-132-916,L,R,T,R
data_3_CR,3_CR-161-132-948,L,R,T,R
data_3_CR,3_CR-161-132-979,L,R,T,R
data_3_CT,3_CT-239-166-043,L,T,R,T
data_3_CT,3_CT-239-166-075,L,T,R,T
data_3_CT,3_CT-239-166-106,L,T,R,T
data_3_CT,3_CT-239-166-137_K,L,T,R,T
data_3_CT,3_CT-239-166-169_K,L,T,R,T
data_3_CT,3_CT-239-166-200_K,L,T,R,T
data_3_CT,3_CT-239-166-231,L,T,R,T
data_3_CT,3_CT-239-166-263,L,T,R,T
data_3_CT,3_CT-239-166-294,L,T,R,T
data_3_CT,3_CT-239-166-325,L,T,R,T
data_3_CT,3_CT-239-166-357,L,T,R,T
data_3_CT,3_CT-239-166-388,L,T,R,T
data_3_CT,3_CT-239-166-419,L,T,R,T
data_3_CT,3_CT-239-166-451,L,T,R,T
data_3_CT,3_CT-239-166-482,L,T,R,T
data_3_CT,3_CT-239-166-513,L,T,R,T
data_3_CT,3_CT-239-166-545,L,T,R,T
data_3_CT,3_CT-239-166-576,L,T,R,T
data_3_CT,3_CT-239-166-607,L,T,R,T
data_3_CT,3_CT-239-166-639,L,T,R,T
data_3_CT,3_CT-239-166-670,L,T,R,T
data_3_CT,3_CT-239-166-701,L,T,R,T
data_3_CT,3_CT-239-166-732,L,T,R,T
data_3_CT,3_CT-239-166-764,L,T,R,T
data_3_CT,3_CT-239-166-795,L,T,R,T
data_3_CT,3_CT-239-166-858,L,T,R,T
data_3_CT,3_CT-239-166-889,L,T,R,T
data_3_CT,3_CT-239-166-920,L,T,R,T
data_3_CT,3_CT-239-166-952,L,T,R,T
data_3_TL,3_TL-036-167-031,R,L,T,L
data_3_TL,3_TL-036-167-504,R,L,T,L
data_3_TL,3_TL-037-131-504,T,L,R,L
data_3_TL,3_TL-037-191-031,R,L,T,L
data_3_TL,3_TL-038-098-030,T,L,R,L
data_3_TL,3_TL-040-122-030,T,L,R,L
data_3_TL,3_TL-042-166-031,R,L,T,L
data_3_TL,3_TL-042-189-031,T,L,R,L
data_3_TL,3_TL-042-189-504,R,L,T,L
data_3_TL,3_TL-049-095-504,R,L,T,L
data_3_TL,3_TL-050-120-504,R,L,T,L
data_3_TL,3_TL-053-164-504_K,R,L,T,L
data_3_TL,3_TL-054-189-504,R,L,T,L
data_3_TL,3_TL-059-162-030,R,L,T,L
data_3_TL,3_TL-059-162-504,R,L,T,L
data_3_TL,3_TL-060-186-031,R,L,T,L
data_3_TL,3_TL-060-186-504,R,L,T,L
data_3_TL,3_TL-070-115-504,R,L,T,L
data_3_TL,3_TL-074-156-031,T,L,R,L
data_3_TL,3_TL-074-156-504,R,L,T,L
data_3_TL,3_TL-075-180-031,R,L,T,L
data_3_TL,3_TL-075-180-504,T,L,R,L
data_3_TL,3_TL-079-088-504_K,R,L,T,L
data_3_TL,3_TL-080-113-031_K,T,L,R,L
data_3_TL,3_TL-081-155-031,R,L,T,L
data_3_TL,3_TL-081-155-504,R,L,T,L
data_3_TL,3_TL-081-179-031,R,L,T,L
data_3_TL,3_TL-081-179-504,R,L,T,L
data_3_TL,3_TL-130-132-504,T,L,R,L
data_3_TL,3_TL-131-106-031,R,L,T,L
data_3_TL,3_TL-131-106-504,R,L,T,L
data_3_TL,3_TL-138-133-030,T,L,R,L
data_3_TL,3_TL-141-109-031,T,L,R,L
data_3_TR,3_TR-197-136-010,L,R,T,R
data_3_TR,3_TR-197-136-041,L,R,T,R
data_3_TR,3_TR-197-136-072,L,R,T,R
data_3_TR,3_TR-197-136-104,L,R,T,R
data_3_TR,3_TR-197-136-135,L,R,T,R
data_3_TR,3_TR-197-136-166,L,R,T,R
data_3_TR,3_TR-197-136-198,L,R,T,R
data_3_TR,3_TR-197-136-229,L,R,T,R
data_3_TR,3_TR-197-136-260,L,R,T,R
data_3_TR,3_TR-197-136-292,L,R,T,R
data_3_TR,3_TR-197-136-354,L,R,T,R
data_3_TR,3_TR-197-136-386,L,R,T,R
data_3_TR,3_TR-197-136-417,L,R,T,R
data_3_TR,3_TR-197-136-448,L,R,T,R
data_3_TR,3_TR-197-136-480,L,R,T,R
data_3_TR,3_TR-197-136-511,L,R,T,R
data_3_TR,3_TR-197-136-542,L,R,T,R
data_3_TR,3_TR-197-136-574,L,R,T,R
data_3_TR,3_TR-197-136-605,L,R,T,R
data_3_TR,3_TR-197-136-636,L,R,T,R
data_3_TR,3_TR-197-136-668,L,R,T,R
data_3_TR,3_TR-197-136-699,L,R,T,R
data_3_TR,3_TR-197-136-730,L,R,T,R
data_3_TR,3_TR-197-136-762,L,R,T,R
data_3_TR,3_TR-197-136-793,L,R,T,R
data_3_TR,3_TR-197-136-824_K,L,R,T,R
data_3_TR,3_TR-197-136-856_K,L,R,T,R
data_3_TR,3_TR-197-136-887_K,L,R,T,R
data_3_TR,3_TR-197-136-918,L,R,T,R
data_3_TR,3_TR-197-136-950,L,R,T,R
data_3_TR,3_TR-197-136-981,L,R,T,R
data_3_TT,3_TT-277-172-042,R,T,L,T
data_3_TT,3_TT-277-172-073,R,T,L,T
data_3_TT,3_TT-277-172-104,R,T,L,T
data_3_TT,3_TT-277-172-135,R,T,L,T
data_3_TT,3_TT-277-172-167,R,T,L,T
data_3_TT,3_TT-277-172-198,R,T,L,T
data_3_TT,3_TT-277-172-229,R,T,L,T
data_3_TT,3_TT-277-172-261,R,T,L,T
data_3_TT,3_TT-277-172-292,R,T,L,T
data_3_TT,3_TT-277-172-323,R,T,L,T
data_3_TT,3_TT-277-172-355,L,T,R,T
data_3_TT,3_TT-277-172-386,L,T,R,T
data_3_TT,3_TT-277-172-417,L,T,R,T
data_3_TT,3_TT-277-172-448,L,T,R,T
data_3_TT,3_TT-277-172-480,L,T,R,T
data_3_TT,3_TT-277-172-511,L,T,R,T
data_3_TT,3_TT-277-172-542,L,T,R,T
data_3_TT,3_TT-277-172-574,L,T,R,T
data_3_TT,3_TT-277-172-605,L,T,R,T
data_3_TT,3_TT-277-172-636,L,T,R,T
data_3_TT,3_TT-277-172-668,L,T,R,T
data_3_TT,3_TT-277-172-699,L,T,R,T
data_3_TT,3_TT-277-172-730,L,T,R,T
data_3_TT,3_TT-277-172-761,L,T,R,T
data_3_TT,3_TT-277-172-793,L,T,R,T
data_3_TT,3_TT-277-172-824_K,L,T,R,T
data_3_TT,3_TT-277-172-855_K,L,T,R,T
data_3_TT,3_TT-277-172-887_K,L,T,R,T
data_3_TT,3_TT-277-172-918,L,T,R,T
data_3_TT,3_TT-277-172-949,L,T,R,T
data_3_TT,3_TT-277-172-981,L,T,R,T
data_3_sLR,3_sLR-337-119-038,L,R,L,R
data_3_sLR,3_sLR-337-119-171,L,R,L,R
data_3_sLR,3_sLR-337-119-303,L,R,L,R
data_3_sLR,3_sLR-337-119-435,L,R,L,R
data_3_sLR,3_sLR-337-119-568,L,R,L,R
data_3_sLR,3_sLR-337-119-780,L,R,L,R
data_3_sLR,3_sLR-339-173-038,L,R,L,R
data_3_sLR,3_sLR-339-173-171,L,R,L,R
data_3_sLR,3_sLR-342-174-038,L,R,L,R
data_3_sLR,3_sLR-342-174-170,L,R,L,R
data_3_sLR,3_sLR-342-174-302,L,R,L,R
data_3_sLR,3_sLR-342-174-435_K,L,R,L,R
data_3_sLR,3_sLR-342-174-567_K,L,R,L,R
data_3_sLR,3_sLR-342-174-699_K,L,R,L,R
data_3_sLR,3_sLR-342-174-832,L,R,L,R
data_3_sLR,3_sLR-343-118-038,L,R,L,R
data_3_sLR,3_sLR-343-118-170,L,R,L,R
data_3_sLR,3_sLR-343-118-303,L,R,L,R
data_3_sLR,3_sLR-343-118-435,L,R,L,R
data_3_sLR,3_sLR-343-118-567,L,R,L,R
data_3_sLR,3_sLR-343-118-699,L,R,L,R
data_3_sLR,3_sLR-343-118-832,L,R,L,R
data_3_sLR,3_sLR-347-174-038,L,R,L,R
data_3_sLR,3_sLR-347-174-170,L,R,L,R
data_3_sLR,3_sLR-347-174-303,L,R,L,R
data_3_sLR,3_sLR-347-174-435,L,R,L,R
data_3_sLR,3_sLR-347-174-567,L,R,L,R
data_3_sLR,3_sLR-347-174-700,L,R,L,R
data_3_sLR,3_sLR-347-174-832,L,R,L,R
data_3_sLR,3_sLR-349-120-031,L,R,L,R
data_3_sLT,3_sLT-105-138-036,L,T,L,T
data_3_sLT,3_sLT-105-138-168,L,T,L,T
data_3_sLT,3_sLT-105-138-301,L,T,L,T
data_3_sLT,3_sLT-105-138-433,L,T,L,T
data_3_sLT,3_sLT-105-138-565,L,T,L,T
data_3_sLT,3_sLT-105-138-698,L,T,L,T
data_3_sLT,3_sLT-105-138-830,L,T,L,T
data_3_sLT,3_sLT-105-150-036,L,T,L,T
data_3_sLT,3_sLT-105-150-168,L,T,L,T
data_3_sLT,3_sLT-105-150-301,L,T,L,T
data_3_sLT,3_sLT-105-150-433_K,L,T,L,T
data_3_sLT,3_sLT-105-150-565_K,L,T,L,T
data_3_sLT,3_sLT-105-150-698_K,L,T,L,T
data_3_sLT,3_sLT-105-150-830,L,T,L,T
data_3_sLT,3_sLT-106-161-035,L,T,L,T
data_3_sLT,3_sLT-106-161-168,L,T,L,T
data_3_sLT,3_sLT-106-161-300,L,T,L,T
data_3_sLT,3_sLT-106-161-432,L,T,L,T
data_3_sLT,3_sLT-106-161-565,L,T,L,T
data_3_sLT,3_sLT-106-161-697,L,T,L,T
data_3_sLT,3_sLT-106-161-829,L,T,L,T
data_3_sLT,3_sLT-106-173-036,L,T,L,T
data_3_sLT,3_sLT-106-173-168,L,T,L,T
data_3_sLT,3_sLT-106-173-301,L,T,L,T
data_3_sLT,3_sLT-106-173-433,L,T,L,T
data_3_sLT,3_sLT-106-173-565,L,T,L,T
data_3_sLT,3_sLT-106-173-698,L,T,L,T
data_3_sLT,3_sLT-106-173-830,L,T,L,T
data_3_sRL,3_sRL-100-097-050,R,L,R,L
data_3_sRL,3_sRL-100-097-103,R,L,R,L
data_3_sRL,3_sRL-100-097-155,R,L,R,L
data_3_sRL,3_sRL-100-097-207,R,L,R,L
data_3_sRL,3_sRL-100-097-260,R,L,R,L
data_3_sRL,3_sRL-100-097-312,R,L,R,L
data_3_sRL,3_sRL-100-097-364,R,L,R,L
data_3_sRL,3_sRL-100-097-417,R,L,R,L
data_3_sRL,3_sRL-100-097-469,R,L,R,L
data_3_sRL,3_sRL-100-097-521,R,L,R,L
data_3_sRL,3_sRL-100-097-574,R,L,R,L
data_3_sRL,3_sRL-100-097-626,R,L,R,L
data_3_sRL,3_sRL-100-097-678,R,L,R,L
data_3_sRL,3_sRL-100-097-731,R,L,R,L
data_3_sRL,3_sRL-100-097-783,R,L,R,L
data_3_sRL,3_sRL-100-097-835,R,L,R,L
data_3_sRL,3_sRL-100-097-888,R,L,R,L
data_3_sRL,3_sRL-100-097-940,R,L,R,L
data_3_sRL,3_sRL-107-095-049,R,L,R,L
data_3_sRL,3_sRL-107-095-102,R,L,R,L
data_3_sRL,3_sRL-107-095-154,R,L,R,L
data_3_sRL,3_sRL-107-095-206,R,L,R,L
data_3_sRL,3_sRL-107-095-259,R,L,R,L
data_3_sRL,3_sRL-107-095-311,R,L,R,L
data_3_sRL,3_sRL-107-095-363_K,R,L,R,L
data_3_sRL,3_sRL-107-095-416_K,R,L,R,L
data_3_sRL,3_sRL-107-095-468_K,R,L,R,L
data_3_sRL,3_sRL-107-095-520,R,L,R,L
data_3_sRL,3_sRL-107-095-573,R,L,R,L
data_3_sRL,3_sRL-107-095-625,R,L,R,L
data_3_sRT,3_sRT-240-108-024,T,R,T,R
data_3_sRT,3_sRT-240-108-035,T,R,T,R
data_3_sRT,3_sRT-240-108-046,T,R,T,R
data_3_sRT,3_sRT-240-108-057,T,R,T,R
data_3_sRT,3_sRT-240-108-068,T,R,T,R
data_3_sRT,3_sRT-240-108-079,T,R,T,R
data_3_sRT,3_sRT-240-108-090,T,R,T,R
data_3_sRT,3_sRT-240-108-101,T,R,T,R
data_3_sRT,3_sRT-240-108-112,T,R,T,R
data_3_sRT,3_sRT-240-108-123,T,R,T,R
data_3_sRT,3_sRT-240-108-134,T,R,T,R
data_3_sRT,3_sRT-240-108-145,T,R,T,R
data_3_sRT,3_sRT-240-108-156,T,R,T,R
data_3_sRT,3_sRT-240-108-167,T,R,T,R
data_3_sRT,3_sRT-240-108-178,T,R,T,R
data_3_sRT,3_sRT-240-108-189,T,R,T,R
data_3_sRT,3_sRT-240-108-200,T,R,T,R
data_3_sRT,3_sRT-240-108-211,T,R,T,R
data_3_sRT,3_sRT-240-108-222,T,R,T,R
data_3_sRT,3_sRT-240-108-255,T,R,T,R
data_3_sRT,3_sRT-240-108-266,T,R,T,R
data_3_sRT,3_sRT-240-108-277,T,R,T,R
data_3_sRT,3_sRT-240-108-288,T,R,T,R
data_3_sRT,3_sRT-240-108-299,T,R,T,R
data_3_sRT,3_sRT-240-108-310_K,T,R,T,R
data_3_sRT,3_sRT-240-108-321_K,T,R,T,R
data_3_sRT,3_sRT-240-108-332_K,T,R,T,R
data_3_sRT,3_sRT-240-108-343,T,R,T,R
data_3_sRT,3_sRT-240-108-354,T,R,T,R
data_3_sRT,3_sRT-240-108-365,T,R,T,R
data_3_sTL,3_sTL-134-158-050,T,L,T,L
data_3_sTL,3_sTL-134-158-102,T,L,T,L
data_3_sTL,3_sTL-134-158-154,T,L,T,L
data_3_sTL,3_sTL-134-158-207,T,L,T,L
data_3_sTL,3_sTL-134-158-259,T,L,T,L
data_3_sTL,3_sTL-134-158-311,T,L,T,L
data_3_sTL,3_sTL-134-158-364,T,L,T,L
data_3_sTL,3_sTL-134-158-416,T,L,T,L
data_3_sTL,3_sTL-134-158-468,T,L,T,L
data_3_sTL,3_sTL-134-158-520,T,L,T,L
data_3_sTL,3_sTL-134-158-573,T,L,T,L
data_3_sTL,3_sTL-134-158-625,T,L,T,L
data_3_sTL,3_sTL-134-158-677,T,L,T,L
data_3_sTL,3_sTL-134-158-730,T,L,T,L
data_3_sTL,3_sTL-134-158-782,T,L,T,L
data_3_sTL,3_sTL-134-158-834,T,L,T,L
data_3_sTL,3_sTL-134-158-887,T,L,T,L
data_3_sTL,3_sTL-134-158-939,T,L,T,L
data_3_sTL,3_sTL-135-171-049,T,L,T,L
data_3_sTL,3_sTL-135-171-101,T,L,T,L
data_3_sTL,3_sTL-135-171-154,T,L,T,L
data_3_sTL,3_sTL-135-171-206,T,L,T,L
data_3_sTL,3_sTL-135-171-258,T,L,T,L
data_3_sTL,3_sTL-135-171-311,T,L,T,L
data_3_sTL,3_sTL-135-171-363_K,T,L,T,L
data_3_sTL,3_sTL-135-171-415_K,T,L,T,L
data_3_sTL,3_sTL-135-171-468_K,T,L,T,L
data_3_sTL,3_sTL-135-171-520_K,T,L,T,L
data_3_sTL,3_sTL-135-171-572,T,L,T,L
data_3_sTL,3_sTL-135-171-624,T,L,T,L
data_3_sTL,3_sTL-135-171-677,T,L,T,L
data_3_sTR,3_sTR-240-108-524,R,T,R,T
data_3_sTR,3_sTR-240-108-535,R,T,R,T
data_3_sTR,3_sTR-240-108-546,R,T,R,T
data_3_sTR,3_sTR-240-108-557,R,T,R,T
data_3_sTR,3_sTR-240-108-568,R,T,R,T
data_3_sTR,3_sTR-240-108-579,R,T,R,T
data_3_sTR,3_sTR-240-108-590,R,T,R,T
data_3_sTR,3_sTR-240-108-601,R,T,R,T
data_3_sTR,3_sTR-240-108-612,R,T,R,T
data_3_sTR,3_sTR-240-108-623,R,T,R,T
data_3_sTR,3_sTR-240-108-634,R,T,R,T
data_3_sTR,3_sTR-240-108-645,R,T,R,T
data_3_sTR,3_sTR-240-108-656,R,T,R,T
data_3_sTR,3_sTR-240-108-667,R,T,R,T
data_3_sTR,3_sTR-240-108-689,R,T,R,T
data_3_sTR,3_sTR-240-108-700,R,T,R,T
data_3_sTR,3_sTR-240-108-711,R,T,R,T
data_3_sTR,3_sTR-240-108-722,R,T,R,T
data_3_sTR,3_sTR-240-108-733,R,T,R,T
data_3_sTR,3_sTR-240-108-744,R,T,R,T
data_3_sTR,3_sTR-240-108-810_K,R,T,R,T
data_3_sTR,3_sTR-240-108-821_K,R,T,R,T
data_3_sTR,3_sTR-240-108-832,R,T,R,T
data_3_sTR,3_sTR-240-108-843,R,T,R,T
data_3_sTR,3_sTR-240-108-854,R,T,R,T
data_3_sTR,3_sTR-240-108-865,R,T,R,T
data_3_sTR,3_sTR-240-108-876,R,T,R,T
data_3_sTR,3_sTR-240-108-887,R,T,R,T
data_3_sTR,3_sTR-240-108-898,R,T,R,T
data_3_sTR,3_sTR-240-108-909_K,R,T,R,T
data_4_CL,4_CL-015-138-028,T,L,R,L
data_4_CL,4_CL-015-138-127,T,L,R,L
data_4_CL,4_CL-015-138-225,T,L,R,L
data_4_CL,4_CL-015-138-323,T,L,R,L
data_4_CL,4_CL-015-138-422,T,L,R,L
data_4_CL,4_CL-015-138-520,T,L,R,L
data_4_CL,4_CL-015-138-618,T,L,R,L
data_4_CL,4_CL-015-138-717,T,L,R,L
data_4_CL,4_CL-015-138-815,T,L,R,L
data_4_CL,4_CL-015-138-913,T,L,R,L
data_4_CL,4_CL-016-106-029,T,L,R,L
data_4_CL,4_CL-016-106-127,T,L,R,L
data_4_CL,4_CL-016-106-225,T,L,R,L
data_4_CL,4_CL-016-106-323,T,L,R,L
data_4_CL,4_CL-016-106-422,T,L,R,L
data_4_CL,4_CL-016-106-520,T,L,R,L
data_4_CL,4_CL-016-106-618,T,L,R,L
data_4_CL,4_CL-016-106-717,T,L,R,L
data_4_CL,4_CL-016-106-815,T,L,R,L
data_4_CL,4_CL-016-106-913,T,L,R,L
data_4_CL,4_CL-328-135-029,T,L,R,L
data_4_CL,4_CL-328-135-127,T,L,R,L
data_4_CL,4_CL-328-135-225,T,L,R,L
data_4_CL,4_CL-328-135-324_K,T,L,R,L
data_4_CL,4_CL-328-135-422,T,L,R,L
data_4_CL,4_CL-328-135-520,T,L,R,L
data_4_CL,4_CL-328-135-619,T,L,R,L
data_4_CL,4_CL-328-135-717,T,L,R,L
data_4_CL,4_CL-328-135-815,T,L,R,L
data_4_CL,4_CL-328-135-914,T,L,R,L
data_4_CR,4_CR-162-123-011,L,R,T,R
data_4_CR,4_CR-162-123-043,L,R,T,R
data_4_CR,4_CR-162-123-074,L,R,T,R
data_4_CR,4_CR-162-123-105,L,R,T,R
data_4_CR,4_CR-162-123-137,L,R,T,R
data_4_CR,4_CR-162-123-168,L,R,T,R
data_4_CR,4_CR-162-123-199,L,R,T,R
data_4_CR,4_CR-162-123-231,L,R,T,R
data_4_CR,4_CR-162-123-262,L,R,T,R
data_4_CR,4_CR-162-123-293,L,R,T,R
data_4_CR,4_CR-162-123-325,L,R,T,R
data_4_CR,4_CR-162-123-356,L,R,T,R
data_4_CR,4_CR-162-123-387,L,R,T,R
data_4_CR,4_CR-162-123-419,L,R,T,R
data_4_CR,4_CR-162-123-513,L,R,T,R
data_4_CR,4_CR-162-123-544_K,L,R,T,R
data_4_CR,4_CR-162-123-575_K,L,R,T,R
data_4_CR,4_CR-162-123-607_K,L,R,T,R
data_4_CR,4_CR-162-123-638,L,R,T,R
data_4_CR,4_CR-162-123-669,L,R,T,R
data_4_CR,4_CR-162-123-701,L,R,T,R
data_4_CR,4_CR-162-123-732,L,R,T,R
data_4_CR,4_CR-162-123-763,L,R,T,R
data_4_CR,4_CR-162-123-795,L,R,T,R
data_4_CR,4_CR-162-123-826,L,R,T,R
data_4_CR,4_CR-162-123-857,L,R,T,R
data_4_CR,4_CR-162-123-889,L,R,T,R
data_4_CR,4_CR-162-123-920,L,R,T,R
data_4_CR,4_CR-162-123-951,L,R,T,R
data_4_CR,4_CR-162-123-983,L,R,T,R
data_4_CT,4_CT-238-157-019,L,T,R,T
data_4_CT,4_CT-238-157-051,L,T,R,T
data_4_CT,4_CT-238-157-082,L,T,R,T
data_4_CT,4_CT-238-157-113,L,T,R,T
data_4_CT,4_CT-238-157-145,L,T,R,T
data_4_CT,4_CT-238-157-176,L,T,R,T
data_4_CT,4_CT-238-157-207,L,T,R,T
data_4_CT,4_CT-238-157-239,L,T,R,T
data_4_CT,4_CT-238-157-270,L,T,R,T
data_4_CT,4_CT-238-157-301,L,T,R,T
data_4_CT,4_CT-238-157-333,L,T,R,T
data_4_CT,4_CT-238-157-364,L,T,R,T
data_4_CT,4_CT-238-157-395,L,T,R,T
data_4_CT,4_CT-238-157-427,L,T,R,T
data_4_CT,4_CT-238-157-458_K,L,T,R,T
data_4_CT,4_CT-238-157-489_K,L,T,R,T
data_4_CT,4_CT-238-157-521_K,L,T,R,T
data_4_CT,4_CT-238-157-552,L,T,R,T
data_4_CT,4_CT-238-157-583,L,T,R,T
data_4_CT,4_CT-238-157-615,L,T,R,T
data_4_CT,4_CT-238-157-646,L,T,R,T
data_4_CT,4_CT-238-157-677,L,T,R,T
data_4_CT,4_CT-238-157-709,L,T,R,T
data_4_CT,4_CT-238-157-740,L,T,R,T
data_4_CT,4_CT-238-157-771,L,T,R,T
data_4_CT,4_CT-238-157-803,L,T,R,T
data_4_CT,4_CT-238-157-834,L,T,R,T
data_4_CT,4_CT-238-157-865,L,T,R,T
data_4_CT,4_CT-238-157-897,L,T,R,T
data_4_CT,4_CT-238-157-928,L,T,R,T
data_4_CT,4_CT-238-157-959,L,T,R,T
data_4_TL,4_TL-029-146-504,T,L,R,L
data_4_TL,4_TL-030-169-031,T,L,R,L
data_4_TL,4_TL-030-169-504,T,L,R,L
data_4_TL,4_TL-036-145-031,T,L,R,L
data_4_TL,4_TL-036-145-504,T,L,R,L
data_4_TL,4_TL-036-169-031,T,L,R,L
data_4_TL,4_TL-036-169-504,T,L,R,L
data_4_TL,4_TL-051-080-031,T,L,R,L
data_4_TL,4_TL-052-166-031,T,L,R,L
data_4_TL,4_TL-054-104-032,T,L,R,L
data_4_TL,4_TL-058-166-031,T,L,R,L
data_4_TL,4_TL-058-166-505,T,L,R,L
data_4_TL,4_TL-059-141-031_K,T,L,R,L
data_4_TL,4_TL-059-141-504,T,L,R,L
data_4_TL,4_TL-064-078-031,T,L,R,L
data_4_TL,4_TL-064-078-505,T,L,R,L
data_4_TL,4_TL-064-102-031,T,L,R,L
data_4_TL,4_TL-064-102-505_K,T,L,R,L
data_4_TL,4_TL-069-144-031,T,L,R,L
data_4_TL,4_TL-069-144-504,T,L,R,L
data_4_TL,4_TL-070-167-031,T,L,R,L
data_4_TL,4_TL-070-167-504,T,L,R,L
data_4_TL,4_TL-077-142-031_K,T,L,R,L
data_4_TL,4_TL-077-142-504,T,L,R,L
data_4_TL,4_TL-077-167-031,T,L,R,L
data_4_TL,4_TL-128-124-031,T,L,R,L
data_4_TL,4_TL-136-098-032,T,L,R,L
data_4_TL,4_TL-136-098-505,T,L,R,L
data_4_TL,4_TL-137-122-032,T,L,R,L
data_4_TL,4_TL-137-122-505,T,L,R,L
data_4_TR,4_TR-201-126-014,L,R,T,R
data_4_TR,4_TR-201-126-046,L,R,T,R
data_4_TR,4_TR-201-126-077,L,R,T,R
data_4_TR,4_TR-201-126-108,L,R,T,R
data_4_TR,4_TR-201-126-140,L,R,T,R
data_4_TR,4_TR-201-126-171,L,R,T,R
data_4_TR,4_TR-201-126-202,L,R,T,R
data_4_TR,4_TR-201-126-234,L,R,T,R
data_4_TR,4_TR-201-126-265,L,R,T,R
data_4_TR,4_TR-201-126-296,L,R,T,R
data_4_TR,4_TR-201-126-328,L,R,T,R
data_4_TR,4_TR-201-126-359,L,R,T,R
data_4_TR,4_TR-201-126-390,L,R,T,R
data_4_TR,4_TR-201-126-422,L,R,T,R
data_4_TR,4_TR-201-126-453,L,R,T,R
data_4_TR,4_TR-201-126-484,L,R,T,R
data_4_TR,4_TR-201-126-516,L,R,T,R
data_4_TR,4_TR-201-126-547,L,R,T,R
data_4_TR,4_TR-201-126-578,L,R,T,R
data_4_TR,4_TR-201-126-610,L,R,T,R
data_4_TR,4_TR-201-126-641,L,R,T,R
data_4_TR,4_TR-201-126-672,L,R,T,R
data_4_TR,4_TR-201-126-704,L,R,T,R
data_4_TR,4_TR-201-126-735,L,R,T,R
data_4_TR,4_TR-201-126-766,L,R,T,R
data_4_TR,4_TR-201-126-798,L,R,T,R
data_4_TR,4_TR-201-126-829_K,L,R,T,R
data_4_TR,4_TR-201-126-860_K,L,R,T,R
data_4_TR,4_TR-201-126-892_K,L,R,T,R
data_4_TR,4_TR-201-126-923,L,R,T,R
data_4_TR,4_TR-201-126-954,L,R,T,R
data_4_TR,4_TR-201-126-986,L,R,T,R
data_4_TT,4_TT-290-174-066,L,T,R,T
data_4_TT,4_TT-290-174-097,L,T,R,T
data_4_TT,4_TT-290-174-128,L,T,R,T
data_4_TT,4_TT-290-174-160,L,T,R,T
data_4_TT,4_TT-290-174-191,L,T,R,T
data_4_TT,4_TT-290-174-222,L,T,R,T
data_4_TT,4_TT-290-174-253,L,T,R,T
data_4_TT,4_TT-290-174-285,L,T,R,T
data_4_TT,4_TT-290-174-316,L,T,R,T
data_4_TT,4_TT-290-174-347,L,T,R,T
data_4_TT,4_TT-290-174-379,L,T,R,T
data_4_TT,4_TT-290-174-410,L,T,R,T
data_4_TT,4_TT-290-174-441,L,T,R,T
data_4_TT,4_TT-290-174-473,L,T,R,T
data_4_TT,4_TT-290-174-504,L,T,R,T
data_4_TT,4_TT-290-174-535,L,T,R,T
data_4_TT,4_TT-290-174-566,L,T,R,T
data_4_TT,4_TT-290-174-598,L,T,R,T
data_4_TT,4_TT-290-174-629,L,T,R,T
data_4_TT,4_TT-290-174-660,L,T,R,T
data_4_TT,4_TT-290-174-692,L,T,R,T
data_4_TT,4_TT-290-174-723,L,T,R,T
data_4_TT,4_TT-290-174-754,L,T,R,T
data_4_TT,4_TT-290-174-786,L,T,R,T
data_4_TT,4_TT-290-174-817_K,L,T,R,T
data_4_TT,4_TT-290-174-848_K,L,T,R,T
data_4_TT,4_TT-290-174-879_K,L,T,R,T
data_4_TT,4_TT-290-174-911,L,T,R,T
data_4_TT,4_TT-290-174-942,L,T,R,T
data_4_sLR,4_sLR-344-109-129,L,R,L,R
data_4_sLR,4_sLR-344-109-262,L,R,L,R
data_4_sLR,4_sLR-344-109-394,L,R,L,R
data_4_sLR,4_sLR-344-109-603,L,R,L,R
data_4_sLR,4_sLR-344-109-813,L,R,L,R
data_4_sLR,4_sLR-348-166-134,L,R,L,R
data_4_sLR,4_sLR-348-166-267,L,R,L,R
data_4_sLR,4_sLR-348-166-399_K,L,R,L,R
data_4_sLR,4_sLR-348-166-531_K,L,R,L,R
data_4_sLR,4_sLR-348-166-663_K,L,R,L,R
data_4_sLR,4_sLR-348-166-796,L,R,L,R
data_4_sLR,4_sLR-350-109-126,L,R,L,R
data_4_sLR,4_sLR-350-109-258,L,R,L,R
data_4_sLR,4_sLR-350-109-391,L,R,L,R
data_4_sLR,4_sLR-350-109-523,L,R,L,R
data_4_sLR,4_sLR-350-109-655,L,R,L,R
data_4_sLR,4_sLR-350-109-788,L,R,L,R
data_4_sLR,4_sLR-352-165-030,L,R,L,R
data_4_sLR,4_sLR-352-165-163,L,R,L,R
data_4_sLR,4_sLR-352-165-295,L,R,L,R
data_4_sLR,4_sLR-352-165-427,L,R,L,R
data_4_sLR,4_sLR-352-165-560,L,R,L,R
data_4_sLR,4_sLR-352-165-692,L,R,L,R
data_4_sLR,4_sLR-352-165-824,L,R,L,R
data_4_sLT,4_sLT-101-138-039,L,T,L,T
data_4_sLT,4_sLT-101-138-171,L,T,L,T
data_4_sLT,4_sLT-101-138-303,L,T,L,T
data_4_sLT,4_sLT-101-138-436,L,T,L,T
data_4_sLT,4_sLT-101-138-568,L,T,L,T
data_4_sLT,4_sLT-101-138-700,L,T,L,T
data_4_sLT,4_sLT-101-138-833,L,T,L,T
data_4_sLT,4_sLT-102-150-039,L,T,L,T
data_4_sLT,4_sLT-102-150-171,L,T,L,T
data_4_sLT,4_sLT-102-150-303,L,T,L,T
data_4_sLT,4_sLT-102-150-436,L,T,L,T
data_4_sLT,4_sLT-102-150-568,L,T,L,T
data_4_sLT,4_sLT-102-150-700,L,T,L,T
data_4_sLT,4_sLT-102-150-833,L,T,L,T
data_4_sLT,4_sLT-102-162-040,L,T,L,T
data_4_sLT,4_sLT-102-162-172,L,T,L,T
data_4_sLT,4_sLT-102-162-304,L,T,L,T
data_4_sLT,4_sLT-102-162-437,L,T,L,T
data_4_sLT,4_sLT-102-162-569,L,T,L,T
data_4_sLT,4_sLT-102-162-701,L,T,L,T
data_4_sLT,4_sLT-102-162-834,L,T,L,T
data_4_sLT,4_sLT-102-174-039,L,T,L,T
data_4_sLT,4_sLT-102-174-172_K,L,T,L,T
data_4_sLT,4_sLT-102-174-304_K,L,T,L,T
data_4_sLT,4_sLT-102-174-436_K,L,T,L,T
data_4_sLT,4_sLT-102-174-569,L,T,L,T
data_4_sLT,4_sLT-102-174-701,L,T,L,T
data_4_sLT,4_sLT-102-174-833,L,T,L,T
data_4_sRL,4_sRL-095-090-047,R,L,R,L
data_4_sRL,4_sRL-095-090-100,R,L,R,L
data_4_sRL,4_sRL-095-090-152,R,L,R,L
data_4_sRL,4_sRL-095-090-204,R,L,R,L
data_4_sRL,4_sRL-095-090-257,R,L,R,L
data_4_sRL,4_sRL-095-090-309,R,L,R,L
data_4_sRL,4_sRL-095-090-361_K,R,L,R,L
data_4_sRL,4_sRL-095-090-414_K,R,L,R,L
data_4_sRL,4_sRL-095-090-466_K,R,L,R,L
data_4_sRL,4_sRL-095-090-518_K,R,L,R,L
data_4_sRL,4_sRL-095-090-571_K,R,L,R,L
data_4_sRL,4_sRL-095-090-623,R,L,R,L
data_4_sRL,4_sRL-095-090-675,R,L,R,L
data_4_sRL,4_sRL-095-090-728,R,L,R,L
data_4_sRL,4_sRL-103-088-048,R,L,R,L
data_4_sRL,4_sRL-103-088-101,R,L,R,L
data_4_sRL,4_sRL-103-088-153,R,L,R,L
data_4_sRL,4_sRL-103-088-205,R,L,R,L
data_4_sRL,4_sRL-103-088-258,R,L,R,L
data_4_sRL,4_sRL-103-088-310,R,L,R,L
data_4_sRL,4_sRL-103-088-362,R,L,R,L
data_4_sRL,4_sRL-103-088-415,R,L,R,L
data_4_sRL,4_sRL-103-088-467,R,L,R,L
data_4_sRL,4_sRL-103-088-519,R,L,R,L
data_4_sRL,4_sRL-103-088-572,R,L,R,L
data_4_sRL,4_sRL-103-088-624,R,L,R,L
data_4_sRL,4_sRL-103-088-676,R,L,R,L
data_4_sRL,4_sRL-103-088-729,R,L,R,L
data_4_sRL,4_sRL-103-088-781,R,L,R,L
data_4_sRL,4_sRL-103-088-833,R,L,R,L
data_4_sRL,4_sRL-103-088-886,R,L,R,L
data_4_sRL,4_sRL-103-088-938,R,L,R,L
data_4_sRT,4_sRT-246-096-525,T,R,T,R
data_4_sRT,4_sRT-246-096-535,T,R,T,R
data_4_sRT,4_sRT-246-096-546,T,R,T,R
data_4_sRT,4_sRT-246-096-619,T,R,T,R
data_4_sRT,4_sRT-246-096-629,T,R,T,R
data_4_sRT,4_sRT-246-096-639,T,R,T,R
data_4_sRT,4_sRT-246-096-650,T,R,T,R
data_4_sRT,4_sRT-246-096-660,T,R,T,R
data_4_sRT,4_sRT-246-096-670,T,R,T,R
data_4_sRT,4_sRT-246-096-681,T,R,T,R
data_4_sRT,4_sRT-246-096-691,T,R,T,R
data_4_sRT,4_sRT-246-096-701,T,R,T,R
data_4_sRT,4_sRT-246-096-712,T,R,T,R
data_4_sRT,4_sRT-246-096-722,T,R,T,R
data_4_sRT,4_sRT-246-096-732,T,R,T,R
data_4_sRT,4_sRT-246-096-743,T,R,T,R
data_4_sRT,4_sRT-246-096-753,T,R,T,R
data_4_sRT,4_sRT-246-096-763,T,R,T,R
data_4_sRT,4_sRT-246-096-774,T,R,T,R
data_4_sRT,4_sRT-246-096-784,T,R,T,R
data_4_sRT,4_sRT-246-096-794,T,R,T,R
data_4_sRT,4_sRT-246-096-805,T,R,T,R
data_4_sRT,4_sRT-246-096-815,T,R,T,R
data_4_sRT,4_sRT-246-096-825,T,R,T,R
data_4_sRT,4_sRT-246-096-836_K,T,R,T,R
data_4_sRT,4_sRT-246-096-846_K,T,R,T,R
data_4_sRT,4_sRT-246-096-856_K,T,R,T,R
data_4_sRT,4_sRT-246-096-867,T,R,T,R
data_4_sRT,4_sRT-246-096-877,T,R,T,R
data_4_sRT,4_sRT-246-096-887,T,R,T,R
data_4_sTL,4_sTL-133-156-150,T,L,T,L
data_4_sTL,4_sTL-133-156-203,T,L,T,L
data_4_sTL,4_sTL-133-156-255,T,L,T,L
data_4_sTL,4_sTL-133-156-307,T,L,T,L
data_4_sTL,4_sTL-133-156-360,T,L,T,L
data_4_sTL,4_sTL-133-156-412,T,L,T,L
data_4_sTL,4_sTL-133-156-464_K,T,L,T,L
data_4_sTL,4_sTL-133-156-516_K,T,L,T,L
data_4_sTL,4_sTL-133-156-569_K,T,L,T,L
data_4_sTL,4_sTL-133-156-621,T,L,T,L
data_4_sTL,4_sTL-133-156-673,T,L,T,L
data_4_sTL,4_sTL-133-156-726,T,L,T,L
data_4_sTL,4_sTL-133-156-778,T,L,T,L
data_4_sTL,4_sTL-133-156-830,T,L,T,L
data_4_sTL,4_sTL-134-167-033,T,L,T,L
data_4_sTL,4_sTL-134-167-098,T,L,T,L
data_4_sTL,4_sTL-134-167-150,T,L,T,L
data_4_sTL,4_sTL-134-167-203,T,L,T,L
data_4_sTL,4_sTL-134-167-255,T,L,T,L
data_4_sTL,4_sTL-134-167-307,T,L,T,L
data_4_sTL,4_sTL-134-167-360,T,L,T,L
data_4_sTL,4_sTL-134-167-412,T,L,T,L
data_4_sTL,4_sTL-134-167-464,T,L,T,L
data_4_sTL,4_sTL-134-167-516,T,L,T,L
data_4_sTL,4_sTL-134-167-569,T,L,T,L
data_4_sTL,4_sTL-134-167-621,T,L,T,L
data_4_sTL,4_sTL-134-167-673,T,L,T,L
data_4_sTL,4_sTL-134-167-726,T,L,T,L
data_4_sTL,4_sTL-134-167-778,T,L,T,L
data_4_sTL,4_sTL-134-167-830,T,L,T,L
data_4_sTL,4_sTL-134-167-883,T,L,T,L
data_4_sTL,4_sTL-134-167-935,T,L,T,L
data_4_sTR,4_sTR-246-096-023,R,T,R,T
data_4_sTR,4_sTR-246-096-033,R,T,R,T
data_4_sTR,4_sTR-246-096-044,R,T,R,T
data_4_sTR,4_sTR-246-096-054,R,T,R,T
data_4_sTR,4_sTR-246-096-136,R,T,R,T
data_4_sTR,4_sTR-246-096-147,R,T,R,T
data_4_sTR,4_sTR-246-096-157,R,T,R,T
data_4_sTR,4_sTR-246-096-167,R,T,R,T
data_4_sTR,4_sTR-246-096-178,R,T,R,T
data_4_sTR,4_sTR-246-096-188,R,T,R,T
data_4_sTR,4_sTR-246-096-198,R,T,R,T
data_4_sTR,4_sTR-246-096-209,R,T,R,T
data_4_sTR,4_sTR-246-096-219,R,T,R,T
data_4_sTR,4_sTR-246-096-229,R,T,R,T
data_4_sTR,4_sTR-246-096-239,R,T,R,T
data_4_sTR,4_sTR-246-096-250,R,T,R,T
data_4_sTR,4_sTR-246-096-260,R,T,R,T
data_4_sTR,4_sTR-246-096-270,R,T,R,T
data_4_sTR,4_sTR-246-096-281,R,T,R,T
data_4_sTR,4_sTR-246-096-291,R,T,R,T
data_4_sTR,4_sTR-246-096-301,R,T,R,T
data_4_sTR,4_sTR-246-096-311,R,T,R,T
data_4_sTR,4_sTR-246-096-322,R,T,R,T
data_4_sTR,4_sTR-246-096-332,R,T,R,T
data_4_sTR,4_sTR-246-096-342_K,R,T,R,T
data_4_sTR,4_sTR-246-096-353_K,R,T,R,T
data_4_sTR,4_sTR-246-096-363_K,R,T,R,T
data_4_sTR,4_sTR-246-096-373_K,R,T,R,T
data_4_sTR,4_sTR-246-096-384_K,R,T,R,T
data_4_sTR,4_sTR-246-096-394,R,T,R,T
data_4_sTR,4_sTR-246-096-404,R,T,R,T
data_4_sTR,4_sTR-246-096-415,R,T,R,T
data_5_CL,5_CL-015-098-012,T,L,R,L
data_5_CL,5_CL-015-098-247,T,L,R,L
data_5_CL,5_CL-015-098-345,T,L,R,L
data_5_CL,5_CL-015-098-444,T,L,R,L
data_5_CL,5_CL-015-098-542,T,L,R,L
data_5_CL,5_CL-015-098-640,T,L,R,L
data_5_CL,5_CL-015-098-739,T,L,R,L
data_5_CL,5_CL-015-098-837,T,L,R,L
data_5_CL,5_CL-016-130-009_K,T,L,R,L
data_5_CL,5_CL-016-130-206_K,T,L,R,L
data_5_CL,5_CL-016-130-304,T,L,R,L
data_5_CL,5_CL-016-130-403,T,L,R,L
data_5_CL,5_CL-016-130-501,T,L,R,L
data_5_CL,5_CL-016-130-599,T,L,R,L
data_5_CL,5_CL-016-130-698,T,L,R,L
data_5_CL,5_CL-016-130-796,T,L,R,L
data_5_CL,5_CL-016-130-894,T,L,R,L
data_5_CL,5_CL-017-162-013,T,L,R,L
data_5_CL,5_CL-017-162-111,T,L,R,L
data_5_CL,5_CL-017-162-210,T,L,R,L
data_5_CL,5_CL-017-162-308,T,L,R,L
data_5_CL,5_CL-017-162-406,T,L,R,L
data_5_CL,5_CL-017-162-505,T,L,R,L
data_5_CL,5_CL-017-162-603,T,L,R,L
data_5_CL,5_CL-017-162-701,T,L,R,L
data_5_CL,5_CL-017-162-800,T,L,R,L
data_5_CL,5_CL-017-162-898,T,L,R,L
data_5_CL,5_CL-145-151-025,R,L,T,L
data_5_CL,5_CL-145-151-123,R,L,T,L
data_5_CL,5_CL-145-151-221,R,L,T,L
data_5_CR,5_CR-159-121-009_K,L,R,T,R
data_5_CR,5_CR-159-121-040_K,L,R,T,R
data_5_CR,5_CR-159-121-071_K,L,R,T,R
data_5_CR,5_CR-159-121-103,L,R,T,R
data_5_CR,5_CR-159-121-134,L,R,T,R
data_5_CR,5_CR-159-121-165,L,R,T,R
data_5_CR,5_CR-159-121-197,L,R,T,R
data_5_CR,5_CR-159-121-228,L,R,T,R
data_5_CR,5_CR-159-121-259,L,R,T,R
data_5_CR,5_CR-159-121-291,L,R,T,R
data_5_CR,5_CR-159-121-322,L,R,T,R
data_5_CR,5_CR-159-121-385,L,R,T,R
data_5_CR,5_CR-159-121-416,L,R,T,R
data_5_CR,5_CR-159-121-447,L,R,T,R
data_5_CR,5_CR-159-121-479,L,R,T,R
data_5_CR,5_CR-159-121-510,L,R,T,R
data_5_CR,5_CR-159-121-541,L,R,T,R
data_5_CR,5_CR-159-121-573,L,R,T,R
data_5_CR,5_CR-159-121-604,L,R,T,R
data_5_CR,5_CR-159-121-635,L,R,T,R
data_5_CR,5_CR-159-121-667,L,R,T,R
data_5_CR,5_CR-159-121-698,L,R,T,R
data_5_CR,5_CR-159-121-729,L,R,T,R
data_5_CR,5_CR-159-121-761,L,R,T,R
data_5_CR,5_CR-159-121-792,L,R,T,R
data_5_CR,5_CR-159-121-823,L,R,T,R
data_5_CR,5_CR-159-121-854,L,R,T,R
data_5_CR,5_CR-159-121-886,L,R,T,R
data_5_CR,5_CR-159-121-917,L,R,T,R
data_5_CR,5_CR-159-121-948,L,R,T,R
data_5_CT,5_CT-238-163-036,L,T,R,T
data_5_CT,5_CT-238-163-067,L,T,R,T
data_5_CT,5_CT-238-163-098,L,T,R,T
data_5_CT,5_CT-238-163-130_K,L,T,R,T
data_5_CT,5_CT-238-163-161_K,L,T,R,T
data_5_CT,5_CT-238-163-192_K,L,T,R,T
data_5_CT,5_CT-238-163-224,L,T,R,T
data_5_CT,5_CT-238-163-255,L,T,R,T
data_5_CT,5_CT-238-163-286,L,T,R,T
data_5_CT,5_CT-238-163-318,L,T,R,T
data_5_CT,5_CT-238-163-349,L,T,R,T
data_5_CT,5_CT-238-163-380,L,T,R,T
data_5_CT,5_CT-238-163-412,L,T,R,T
data_5_CT,5_CT-238-163-443,L,T,R,T
data_5_CT,5_CT-238-163-474,L,T,R,T
data_5_CT,5_CT-238-163-506,L,T,R,T
data_5_CT,5_CT-238-163-537,L,T,R,T
data_5_CT,5_CT-238-163-568,L,T,R,T
data_5_CT,5_CT-238-163-600,L,T,R,T
data_5_CT,5_CT-238-163-631,L,T,R,T
data_5_CT,5_CT-238-163-662,L,T,R,T
data_5_CT,5_CT-238-163-694,L,T,R,T
data_5_CT,5_CT-238-163-725,L,T,R,T
data_5_CT,5_CT-238-163-756,L,T,R,T
data_5_CT,5_CT-238-163-788,L,T,R,T
data_5_CT,5_CT-238-163-819,L,T,R,T
data_5_CT,5_CT-238-163-850,L,T,R,T
data_5_CT,5_CT-238-163-881,L,T,R,T
data_5_CT,5_CT-238-163-913,L,T,R,T
data_5_CT,5_CT-238-163-944,L,T,R,T
data_5_TL,5_TL-037-136-030,T,L,R,L
data_5_TL,5_TL-037-136-504,T,L,R,L
data_5_TL,5_TL-037-159-030,T,L,R,L
data_5_TL,5_TL-037-159-504,T,L,R,L
data_5_TL,5_TL-040-072-032,T,L,R,L
data_5_TL,5_TL-041-096-031,T,L,R,L
data_5_TL,5_TL-044-136-030,T,L,R,L
data_5_TL,5_TL-044-159-030,T,L,R,L
data_5_TL,5_TL-053-096-032,T,L,R,L
data_5_TL,5_TL-053-096-505,T,L,R,L
data_5_TL,5_TL-057-135-032,T,L,R,L
data_5_TL,5_TL-058-159-033,T,L,R,L
data_5_TL,5_TL-058-159-506_K,T,L,R,L
data_5_TL,5_TL-065-135-033,T,L,R,L
data_5_TL,5_TL-065-135-506,T,L,R,L
data_5_TL,5_TL-065-158-033,T,L,R,L
data_5_TL,5_TL-065-158-506,T,L,R,L
data_5_TL,5_TL-117-094-031,T,L,R,L
data_5_TL,5_TL-117-094-504_K,T,L,R,L
data_5_TL,5_TL-119-118-031_K,T,L,R,L
data_5_TL,5_TL-128-093-031,T,L,R,L
data_5_TL,5_TL-128-093-504,T,L,R,L
data_5_TL,5_TL-128-117-031,T,L,R,L
data_5_TL,5_TL-128-117-505,T,L,R,L
data_5_TL,5_TL-306-115-032,T,L,R,L
data_5_TL,5_TL-306-115-505,T,L,R,L
data_5_TL,5_TL-307-138-032,T,L,R,L
data_5_TL,5_TL-315-114-033,T,L,R,L
data_5_TL,5_TL-315-114-506,T,L,R,L
data_5_TL,5_TL-315-138-032,T,L,R,L
data_5_TL,5_TL-315-138-505,T,L,R,L
data_5_TR,5_TR-202-131-025,T,R,L,R
data_5_TR,5_TR-202-131-056,T,R,L,R
data_5_TR,5_TR-202-131-087,T,R,L,R
data_5_TR,5_TR-202-131-119,T,R,L,R
data_5_TR,5_TR-202-131-150,T,R,L,R
data_5_TR,5_TR-202-131-181,T,R,L,R
data_5_TR,5_TR-202-131-213,T,R,L,R
data_5_TR,5_TR-202-131-244,T,R,L,R
data_5_TR,5_TR-202-131-275,T,R,L,R
data_5_TR,5_TR-202-131-307,T,R,L,R
data_5_TR,5_TR-202-131-338,T,R,L,R
data_5_TR,5_TR-202-131-369,T,R,L,R
data_5_TR,5_TR-202-131-401,T,R,L,R
data_5_TR,5_TR-202-131-432,T,R,L,R
data_5_TR,5_TR-202-131-463,T,R,L,R
data_5_TR,5_TR-202-131-495,T,R,L,R
data_5_TR,5_TR-202-131-526,T,R,L,R
data_5_TR,5_TR-202-131-557,T,R,L,R
data_5_TR,5_TR-202-131-589,T,R,L,R
data_5_TR,5_TR-202-131-620,T,R,L,R
data_5_TR,5_TR-202-131-651,T,R,L,R
data_5_TR,5_TR-202-131-683,T,R,L,R
data_5_TR,5_TR-202-131-714,T,R,L,R
data_5_TR,5_TR-202-131-745,T,R,L,R
data_5_TR,5_TR-202-131-777,T,R,L,R
data_5_TR,5_TR-202-131-808_K,T,R,L,R
data_5_TR,5_TR-202-131-839_K,T,R,L,R
data_5_TR,5_TR-202-131-871_K,T,R,L,R
data_5_TR,5_TR-202-131-902,T,R,L,R
data_5_TR,5_TR-202-131-947,T,R,L,R
data_5_TR,5_TR-202-131-978,T,R,L,R
data_5_TT,5_TT-276-178-037,R,T,L,T
data_5_TT,5_TT-276-178-068,R,T,L,T
data_5_TT,5_TT-276-178-099,R,T,L,T
data_5_TT,5_TT-276-178-130,R,T,L,T
data_5_TT,5_TT-276-178-162,R,T,L,T
data_5_TT,5_TT-276-178-193,R,T,L,T
data_5_TT,5_TT-276-178-224,R,T,L,T
data_5_TT,5_TT-276-178-256,R,T,L,T
data_5_TT,5_TT-276-178-287,R,T,L,T
data_5_TT,5_TT-276-178-318,R,T,L,T
data_5_TT,5_TT-276-178-350,R,T,L,T
data_5_TT,5_TT-276-178-381,R,T,L,T
data_5_TT,5_TT-276-178-412,R,T,L,T
data_5_TT,5_TT-276-178-443,R,T,L,T
data_5_TT,5_TT-276-178-475,R,T,L,T
data_5_TT,5_TT-276-178-506,R,T,L,T
data_5_TT,5_TT-276-178-537,R,T,L,T
data_5_TT,5_TT-276-178-569,R,T,L,T
data_5_TT,5_TT-276-178-600,R,T,L,T
data_5_TT,5_TT-276-178-631,R,T,L,T
data_5_TT,5_TT-276-178-663,R,T,L,T
data_5_TT,5_TT-276-178-694,R,T,L,T
data_5_TT,5_TT-276-178-725,R,T,L,T
data_5_TT,5_TT-276-178-756,R,T,L,T
data_5_TT,5_TT-276-178-788,R,T,L,T
data_5_TT,5_TT-276-178-819_K,R,T,L,T
data_5_TT,5_TT-276-178-850_K,R,T,L,T
data_5_TT,5_TT-276-178-882_K,R,T,L,T
data_5_TT,5_TT-276-178-913,R,T,L,T
data_5_TT,5_TT-276-178-944,R,T,L,T
data_5_TT,5_TT-276-178-976,R,T,L,T
data_5_sLR,5_sLR-336-109-020,L,R,L,R
data_5_sLR,5_sLR-336-109-152,L,R,L,R
data_5_sLR,5_sLR-336-109-284,L,R,L,R
data_5_sLR,5_sLR-336-109-417,L,R,L,R
data_5_sLR,5_sLR-336-109-549,L,R,L,R
data_5_sLR,5_sLR-336-109-724,L,R,L,R
data_5_sLR,5_sLR-336-109-856,L,R,L,R
data_5_sLR,5_sLR-341-161-020,L,R,L,R
data_5_sLR,5_sLR-341-161-152_K,L,R,L,R
data_5_sLR,5_sLR-341-161-284_K,L,R,L,R
data_5_sLR,5_sLR-341-161-417_K,L,R,L,R
data_5_sLR,5_sLR-341-161-549,L,R,L,R
data_5_sLR,5_sLR-341-161-724,L,R,L,R
data_5_sLR,5_sLR-341-161-856,L,R,L,R
data_5_sLR,5_sLR-343-108-019,L,R,L,R
data_5_sLR,5_sLR-343-108-151,L,R,L,R
data_5_sLR,5_sLR-343-108-284,L,R,L,R
data_5_sLR,5_sLR-343-108-416,L,R,L,R
data_5_sLR,5_sLR-343-108-548,L,R,L,R
data_5_sLR,5_sLR-343-108-723,L,R,L,R
data_5_sLR,5_sLR-343-108-855,L,R,L,R
data_5_sLR,5_sLR-345-159-019,L,R,L,R
data_5_sLR,5_sLR-345-159-151,L,R,L,R
data_5_sLR,5_sLR-345-159-284,L,R,L,R
data_5_sLR,5_sLR-345-159-416,L,R,L,R
data_5_sLR,5_sLR-345-159-548,L,R,L,R
data_5_sLR,5_sLR-345-159-723,L,R,L,R
data_5_sLR,5_sLR-345-159-855,L,R,L,R
data_5_sLT,5_sLT-090-126-011,L,T,L,T
data_5_sLT,5_sLT-090-126-171,L,T,L,T
data_5_sLT,5_sLT-090-126-303,L,T,L,T
data_5_sLT,5_sLT-090-126-436,L,T,L,T
data_5_sLT,5_sLT-090-126-568,L,T,L,T
data_5_sLT,5_sLT-090-126-700,L,T,L,T
data_5_sLT,5_sLT-090-126-833,L,T,L,T
data_5_sLT,5_sLT-090-138-002,L,T,L,T
data_5_sLT,5_sLT-090-138-162,L,T,L,T
data_5_sLT,5_sLT-090-138-294,L,T,L,T
data_5_sLT,5_sLT-090-138-427,L,T,L,T
data_5_sLT,5_sLT-090-138-559,L,T,L,T
data_5_sLT,5_sLT-090-138-691,L,T,L,T
data_5_sLT,5_sLT-090-138-824,L,T,L,T
data_5_sLT,5_sLT-090-150-009,L,T,L,T
data_5_sLT,5_sLT-090-150-169,L,T,L,T
data_5_sLT,5_sLT-090-150-301,L,T,L,T
data_5_sLT,5_sLT-090-150-434,L,T,L,T
data_5_sLT,5_sLT-090-150-566,L,T,L,T
data_5_sLT,5_sLT-090-150-698,L,T,L,T
data_5_sLT,5_sLT-090-150-831,L,T,L,T
data_5_sLT,5_sLT-090-162-162,L,T,L,T
data_5_sLT,5_sLT-090-162-294_K,L,T,L,T
data_5_sLT,5_sLT-090-162-427_K,L,T,L,T
data_5_sLT,5_sLT-090-162-559_K,L,T,L,T
data_5_sLT,5_sLT-090-162-691_K,L,T,L,T
data_5_sLT,5_sLT-090-162-824,L,T,L,T
data_5_sRL,5_sRL-084-078-056,R,L,R,L
data_5_sRL,5_sRL-084-078-213,R,L,R,L
data_5_sRL,5_sRL-084-078-266,R,L,R,L
data_5_sRL,5_sRL-084-078-318,R,L,R,L
data_5_sRL,5_sRL-084-078-370,R,L,R,L
data_5_sRL,5_sRL-084-078-423,R,L,R,L
data_5_sRL,5_sRL-084-078-475,R,L,R,L
data_5_sRL,5_sRL-084-078-527,R,L,R,L
data_5_sRL,5_sRL-084-078-580,R,L,R,L
data_5_sRL,5_sRL-084-078-632,R,L,R,L
data_5_sRL,5_sRL-084-078-684_K,R,L,R,L
data_5_sRL,5_sRL-084-078-737_K,R,L,R,L
data_5_sRL,5_sRL-084-078-789_K,R,L,R,L
data_5_sRL,5_sRL-084-078-841,R,L,R,L
data_5_sRL,5_sRL-084-078-894,R,L,R,L
data_5_sRL,5_sRL-084-078-946,R,L,R,L
data_5_sRL,5_sRL-093-078-054,R,L,R,L
data_5_sRL,5_sRL-093-078-211,R,L,R,L
data_5_sRL,5_sRL-093-078-263,R,L,R,L
data_5_sRL,5_sRL-093-078-316,R,L,R,L
data_5_sRL,5_sRL-093-078-420,R,L,R,L
data_5_sRL,5_sRL-093-078-525,R,L,R,L
data_5_sRL,5_sRL-093-078-577,R,L,R,L
data_5_sRL,5_sRL-093-078-629,R,L,R,L
data_5_sRL,5_sRL-093-078-682,R,L,R,L
data_5_sRL,5_sRL-093-078-734,R,L,R,L
data_5_sRL,5_sRL-093-078-786,R,L,R,L
data_5_sRL,5_sRL-093-078-839,R,L,R,L
data_5_sRL,5_sRL-093-078-891,R,L,R,L
data_5_sRL,5_sRL-093-078-943,R,L,R,L
data_5_sRT,5_sRT-237-105-536,T,R,T,R
data_5_sRT,5_sRT-237-105-546,T,R,T,R
data_5_sRT,5_sRT-237-105-556,T,R,T,R
data_5_sRT,5_sRT-237-105-609,T,R,T,R
data_5_sRT,5_sRT-237-105-619,T,R,T,R
data_5_sRT,5_sRT-237-105-630,T,R,T,R
data_5_sRT,5_sRT-237-105-640,T,R,T,R
data_5_sRT,5_sRT-237-105-650,T,R,T,R
data_5_sRT,5_sRT-237-105-661,T,R,T,R
data_5_sRT,5_sRT-237-105-671,T,R,T,R
data_5_sRT,5_sRT-237-105-681,T,R,T,R
data_5_sRT,5_sRT-237-105-692,T,R,T,R
data_5_sRT,5_sRT-237-105-702,T,R,T,R
data_5_sRT,5_sRT-237-105-712,T,R,T,R
data_5_sRT,5_sRT-237-105-723,T,R,T,R
data_5_sRT,5_sRT-237-105-733,T,R,T,R
data_5_sRT,5_sRT-237-105-743,T,R,T,R
data_5_sRT,5_sRT-237-105-754,T,R,T,R
data_5_sRT,5_sRT-237-105-764,T,R,T,R
data_5_sRT,5_sRT-237-105-774,T,R,T,R
data_5_sRT,5_sRT-237-105-785,T,R,T,R
data_5_sRT,5_sRT-237-105-795,T,R,T,R
data_5_sRT,5_sRT-237-105-805,T,R,T,R
data_5_sRT,5_sRT-237-105-816,T,R,T,R
data_5_sRT,5_sRT-237-105-826_K,T,R,T,R
data_5_sRT,5_sRT-237-105-836_K,T,R,T,R
data_5_sRT,5_sRT-237-105-847_K,T,R,T,R
data_5_sRT,5_sRT-237-105-857,T,R,T,R
data_5_sRT,5_sRT-237-105-867,T,R,T,R
data_5_sRT,5_sRT-237-105-878,T,R,T,R
data_5_sTL,5_sTL-125-161-052,T,L,T,L
data_5_sTL,5_sTL-125-161-104,T,L,T,L
data_5_sTL,5_sTL-125-161-156,T,L,T,L
data_5_sTL,5_sTL-125-161-208,T,L,T,L
data_5_sTL,5_sTL-125-161-261,T,L,T,L
data_5_sTL,5_sTL-125-161-313,T,L,T,L
data_5_sTL,5_sTL-125-161-365,T,L,T,L
data_5_sTL,5_sTL-125-161-418,T,L,T,L
data_5_sTL,5_sTL-125-161-470,T,L,T,L
data_5_sTL,5_sTL-125-161-522,T,L,T,L
data_5_sTL,5_sTL-125-161-575,T,L,T,L
data_5_sTL,5_sTL-125-161-627,T,L,T,L
data_5_sTL,5_sTL-125-161-679,T,L,T,L
data_5_sTL,5_sTL-125-161-731_K,T,L,T,L
data_5_sTL,5_sTL-125-161-784,T,L,T,L
data_5_sTL,5_sTL-125-161-836,T,L,T,L
data_5_sTL,5_sTL-125-161-888,T,L,T,L
data_5_sTL,5_sTL-125-161-941,T,L,T,L
data_5_sTL,5_sTL-127-150-053,T,L,T,L
data_5_sTL,5_sTL-127-150-105,T,L,T,L
data_5_sTL,5_sTL-127-150-157,T,L,T,L
data_5_sTL,5_sTL-127-150-210,T,L,T,L
data_5_sTL,5_sTL-127-150-262,T,L,T,L
data_5_sTL,5_sTL-127-150-314,T,L,T,L
data_5_sTL,5_sTL-127-150-366,T,L,T,L
data_5_sTL,5_sTL-127-150-419_K,T,L,T,L
data_5_sTL,5_sTL-127-150-471_K,T,L,T,L
data_5_sTL,5_sTL-127-150-523_K,T,L,T,L
data_5_sTL,5_sTL-127-150-576,T,L,T,L
data_5_sTL,5_sTL-127-150-628,T,L,T,L
data_5_sTL,5_sTL-127-150-680,T,L,T,L
data_5_sTR,5_sTR-237-105-031,R,T,R,T
data_5_sTR,5_sTR-237-105-041,R,T,R,T
data_5_sTR,5_sTR-237-105-052,R,T,R,T
data_5_sTR,5_sTR-237-105-062,R,T,R,T
data_5_sTR,5_sTR-237-105-115,R,T,R,T
data_5_sTR,5_sTR-237-105-125,R,T,R,T
data_5_sTR,5_sTR-237-105-135,R,T,R,T
data_5_sTR,5_sTR-237-105-146,R,T,R,T
data_5_sTR,5_sTR-237-105-156,R,T,R,T
data_5_sTR,5_sTR-237-105-166,R,T,R,T
data_5_sTR,5_sTR-237-105-177,R,T,R,T
data_5_sTR,5_sTR-237-105-187,R,T,R,T
data_5_sTR,5_sTR-237-105-197,R,T,R,T
data_5_sTR,5_sTR-237-105-208,R,T,R,T
data_5_sTR,5_sTR-237-105-218,R,T,R,T
data_5_sTR,5_sTR-237-105-228,R,T,R,T
data_5_sTR,5_sTR-237-105-239,R,T,R,T
data_5_sTR,5_sTR-237-105-249,R,T,R,T
data_5_sTR,5_sTR-237-105-259,R,T,R,T
data_5_sTR,5_sTR-237-105-270,R,T,R,T
data_5_sTR,5_sTR-237-105-280,R,T,R,T
data_5_sTR,5_sTR-237-105-290,R,T,R,T
data_5_sTR,5_sTR-237-105-301,R,T,R,T
data_5_sTR,5_sTR-237-105-311,R,T,R,T
data_5_sTR,5_sTR-237-105-321_K,R,T,R,T
data_5_sTR,5_sTR-237-105-332_K,R,T,R,T
data_5_sTR,5_sTR-237-105-342_K,R,T,R,T
data_5_sTR,5_sTR-237-105-352,R,T,R,T
data_5_sTR,5_sTR-237-105-363,R,T,R,T
data_5_sTR,5_sTR-237-105-373,R,T,R,T
data_Data_Creep_2025,2_CL-029-166-217_K,T,L,R,L
data_Data_Creep_2025,2_CL-029-166-316_K,T,L,R,L
data_Data_Creep_2025,2_CL-029-166-414_K,T,L,R,L
data_Data_Creep_2025,3_CL-318-120-126_K,T,L,R,L
data_Data_Creep_2025,3_CL-318-120-225_K,T,L,R,L
data_Data_Creep_2025,3_CL-318-120-323_K,T,L,R,L
data_Data_Creep_2025,3_CR-281-100-258_K,T,R,L,R
data_Data_Creep_2025,3_CR-281-100-290_K,T,R,L,R
data_Data_Creep_2025,3_CR-281-100-321_K,T,R,L,R
data_Data_Creep_2025,3_CT-314-176-857_K,R,T,L,T
data_Data_Creep_2025,3_CT-314-176-888_K,R,T,L,T
data_Data_Creep_2025,3_CT-314-176-920_K,R,T,L,T
data_Data_Creep_2025,3_CT-314-176-951_K,R,T,L,T
data_Data_Creep_2025,3_CT-314-176-982_K,R,T,L,T
data_Data_Creep_2025,4_CL-014-169-421_K,T,L,R,L
data_Data_Creep_2025,4_CL-014-169-520_K,T,L,R,L
data_Data_Creep_2025,4_CL-014-169-618_K,T,L,R,L
data_Data_Creep_2025,5_CL-145-151-320_K,T,L,R,L
data_Data_Creep_2025,5_CL-145-151-418_K,T,L,R,L
data_Data_Creep_2025,5_CL-145-151-910_K,T,L,R,L
